/data/chamal/projects/natvik/knox_qc_full_06232025/derivatives/knox_proj/bin0.1/100142354.jpg,100142354,0,3
/data/chamal/projects/natvik/knox_qc_full_06232025/derivatives/knox_proj/bin0.1/100148443.jpg,100148443,0,2
/data/chamal/projects/natvik/knox_qc_full_06232025/derivatives/knox_proj/bin0.1/100148554.jpg,100148554,0,2
/data/chamal/projects/natvik/knox_qc_full_06232025/derivatives/knox_proj/bin0.1/112460257.jpg,112460257,0,2
/data/chamal/projects/natvik/knox_qc_full_06232025/derivatives/knox_proj/bin0.1/112827164.jpg,112827164,0,2
/data/chamal/projects/natvik/knox_qc_full_06232025/derivatives/knox_proj/bin0.1/112827872.jpg,112827872,0,2
/data/chamal/projects/natvik/knox_qc_full_06232025/derivatives/knox_proj/bin0.1/113784293.jpg,113784293,0,4
/data/chamal/projects/natvik/knox_qc_full_06232025/derivatives/knox_proj/bin0.1/114045733.jpg,114045733,0,2
/data/chamal/projects/natvik/knox_qc_full_06232025/derivatives/knox_proj/bin0.1/114400640.jpg,114400640,0,2
/data/chamal/projects/natvik/knox_qc_full_06232025/derivatives/knox_proj/bin0.1/114473794.jpg,114473794,0,2
/data/chamal/projects/natvik/knox_qc_full_06232025/derivatives/knox_proj/bin0.1/114755811.jpg,114755811,0,4
/data/chamal/projects/natvik/knox_qc_full_06232025/derivatives/knox_proj/bin0.1/119847544.jpg,119847544,0,2
/data/chamal/projects/natvik/knox_qc_full_06232025/derivatives/knox_proj/bin0.1/120280939.jpg,120280939,0,2
/data/chamal/projects/natvik/knox_qc_full_06232025/derivatives/knox_proj/bin0.1/120436988.jpg,120436988,0,2
/data/chamal/projects/natvik/knox_qc_full_06232025/derivatives/knox_proj/bin0.1/120494729.jpg,120494729,0,2
/data/chamal/projects/natvik/knox_qc_full_06232025/derivatives/knox_proj/bin0.1/120812686.jpg,120812686,0,2
/data/chamal/projects/natvik/knox_qc_full_06232025/derivatives/knox_proj/bin0.1/120874405.jpg,120874405,0,2
/data/chamal/projects/natvik/knox_qc_full_06232025/derivatives/knox_proj/bin0.1/126115436.jpg,126115436,0,2
/data/chamal/projects/natvik/knox_qc_full_06232025/derivatives/knox_proj/bin0.1/126351299.jpg,126351299,0,2
/data/chamal/projects/natvik/knox_qc_full_06232025/derivatives/knox_proj/bin0.1/126352037.jpg,126352037,0,2
/data/chamal/projects/natvik/knox_qc_full_06232025/derivatives/knox_proj/bin0.1/126843905.jpg,126843905,0,2
/data/chamal/projects/natvik/knox_qc_full_06232025/derivatives/knox_proj/bin0.1/127085717.jpg,127085717,0,2
/data/chamal/projects/natvik/knox_qc_full_06232025/derivatives/knox_proj/bin0.1/127089669.jpg,127089669,4,0
/data/chamal/projects/natvik/knox_qc_full_06232025/derivatives/knox_proj/bin0.1/127349111.jpg,127349111,0,2
/data/chamal/projects/natvik/knox_qc_full_06232025/derivatives/knox_proj/bin0.1/127711098.jpg,127711098,0,2
/data/chamal/projects/natvik/knox_qc_full_06232025/derivatives/knox_proj/bin0.1/127761449.jpg,127761449,4,0
/data/chamal/projects/natvik/knox_qc_full_06232025/derivatives/knox_proj/bin0.1/127866392.jpg,127866392,4,0
/data/chamal/projects/natvik/knox_qc_full_06232025/derivatives/knox_proj/bin0.1/128002057.jpg,128002057,0,2
/data/chamal/projects/natvik/knox_qc_full_06232025/derivatives/knox_proj/bin0.1/139311530.jpg,139311530,0,1
/data/chamal/projects/natvik/knox_qc_full_06232025/derivatives/knox_proj/bin0.1/141601779.jpg,141601779,0,2
/data/chamal/projects/natvik/knox_qc_full_06232025/derivatives/knox_proj/bin0.1/141603190.jpg,141603190,4,0
/data/chamal/projects/natvik/knox_qc_full_06232025/derivatives/knox_proj/bin0.1/146658170.jpg,146658170,4,5
/data/chamal/projects/natvik/knox_qc_full_06232025/derivatives/knox_proj/bin0.1/146794439.jpg,146794439,0,4
/data/chamal/projects/natvik/knox_qc_full_06232025/derivatives/knox_proj/bin0.1/147790181.jpg,147790181,0,4
/data/chamal/projects/natvik/knox_qc_full_06232025/derivatives/knox_proj/bin0.1/148964212.jpg,148964212,0,2
/data/chamal/projects/natvik/knox_qc_full_06232025/derivatives/knox_proj/bin0.1/157556400.jpg,157556400,4,0
/data/chamal/projects/natvik/knox_qc_full_06232025/derivatives/knox_proj/bin0.1/158257355.jpg,158257355,1,0
/data/chamal/projects/natvik/knox_qc_full_06232025/derivatives/knox_proj/bin0.1/158258062.jpg,158258062,4,0
/data/chamal/projects/natvik/knox_qc_full_06232025/derivatives/knox_proj/bin0.1/158314987.jpg,158314987,4,0
/data/chamal/projects/natvik/knox_qc_full_06232025/derivatives/knox_proj/bin0.1/158376179.jpg,158376179,0,1
/data/chamal/projects/natvik/knox_qc_full_06232025/derivatives/knox_proj/bin0.1/159648854.jpg,159648854,0,4
/data/chamal/projects/natvik/knox_qc_full_06232025/derivatives/knox_proj/bin0.1/174957972.jpg,174957972,1,0
/data/chamal/projects/natvik/knox_qc_full_06232025/derivatives/knox_proj/bin0.1/175072215.jpg,175072215,0,2
/data/chamal/projects/natvik/knox_qc_full_06232025/derivatives/knox_proj/bin0.1/180404418.jpg,180404418,0,2
/data/chamal/projects/natvik/knox_qc_full_06232025/derivatives/knox_proj/bin0.1/180435652.jpg,180435652,1,0
/data/chamal/projects/natvik/knox_qc_full_06232025/derivatives/knox_proj/bin0.1/180436360.jpg,180436360,1,0
/data/chamal/projects/natvik/knox_qc_full_06232025/derivatives/knox_proj/bin0.1/180708524.jpg,180708524,0,2
/data/chamal/projects/natvik/knox_qc_full_06232025/derivatives/knox_proj/bin0.1/180717881.jpg,180717881,4,0
/data/chamal/projects/natvik/knox_qc_full_06232025/derivatives/knox_proj/bin0.1/180719293.jpg,180719293,4,0
/data/chamal/projects/natvik/knox_qc_full_06232025/derivatives/knox_proj/bin0.1/180916954.jpg,180916954,4,0
/data/chamal/projects/natvik/knox_qc_full_06232025/derivatives/knox_proj/bin0.1/181057754.jpg,181057754,4,0
/data/chamal/projects/natvik/knox_qc_full_06232025/derivatives/knox_proj/bin0.1/266585624.jpg,266585624,0,1
/data/chamal/projects/natvik/knox_qc_full_06232025/derivatives/knox_proj/bin0.1/266693274.jpg,266693274,0,2
/data/chamal/projects/natvik/knox_qc_full_06232025/derivatives/knox_proj/bin0.1/267494468.jpg,267494468,0,1
/data/chamal/projects/natvik/knox_qc_full_06232025/derivatives/knox_proj/bin0.1/272825299.jpg,272825299,0,1
/data/chamal/projects/natvik/knox_qc_full_06232025/derivatives/knox_proj/bin0.1/272874417.jpg,272874417,0,2
/data/chamal/projects/natvik/knox_qc_full_06232025/derivatives/knox_proj/bin0.1/272916202.jpg,272916202,0,2
/data/chamal/projects/natvik/knox_qc_full_06232025/derivatives/knox_proj/bin0.1/272967913.jpg,272967913,0,2
/data/chamal/projects/natvik/knox_qc_full_06232025/derivatives/knox_proj/bin0.1/273028004.jpg,273028004,0,2
/data/chamal/projects/natvik/knox_qc_full_06232025/derivatives/knox_proj/bin0.1/304585910.jpg,304585910,0,2
/data/chamal/projects/natvik/knox_qc_full_06232025/derivatives/knox_proj/bin0.1/558581415.jpg,558581415,0,2
